{
  "QuerySet": [
    {
      "EntityName": "audit",
      "Criteria": {
        "FilterOperator": "And",
        "Conditions": [
          {
            "AttributeName": "createdon",
            "Operator": "LessThan",
            "Values": [
              {
                "Type": "System.DateTime",
                "Value": "yyyy-MM-ddT00:00:00Z"
              }
            ]
          }
        ],
        "Filters": []
      }
    }
  ],
  "JobName": "Bulk Delete of audit records on yyyy-MM-dd",
  "SendEmailNotification": false,
  "ToRecipients": [],
  "CCRecipients": [],
  "RecurrencePattern": "",
  "StartDateTime": "2022-02-02T10:00:00.000Z"
}
